lookback_myr,sfr_surface_density_msun_per_myr_per_kpc2,sfr_surface_density_uncertainty_msun_per_myr_per_kpc2
0.0,58.660897500274,12.9846605067076
0.1,59.7746238401361,13.2670546437098
0.2,60.8510844688917,13.455018725803
0.3,61.8868667526657,13.1713228109079
0.4,62.8788463536991,13.3084188881497
0.5,63.8242262437987,13.3026573973937
0.6,64.7205717463501,13.0665124812242
0.7,65.5658408892874,13.0201067098291
0.8,66.358409435387,13.075397357675
0.9,67.097090057904,13.1692310994744
1.0,67.77971645728,13.3301702058516
1.1,68.4009738662329,13.229117053412
1.2,68.9646260301723,13.3492525320456
1.3,69.4713550274719,13.4270895853379
1.4,68.4077417985459,13.4306042574704
1.5,68.8152757088049,13.3882176661524
1.6,68.9823469902402,12.8684233396163
1.7,68.5482981839624,12.8969040523412
1.8,68.8231101655091,12.5735532290677
1.9,69.0578136261124,11.8850191864303
2.0,69.2553833511894,11.7291406449923
2.1,69.4189751652113,11.3396980605557
2.2,69.5518803050438,10.9494631125287
2.3,69.6574792620104,10.8292568128933
2.4,69.7391959093115,10.8649285138363
2.5,69.8004527005174,10.9119382600954
2.6,69.8446276785297,10.7496188262188
2.7,69.8750139745315,10.4816827878363
2.8,69.8947824051114,10.6165231374193
2.9,69.9069476951359,10.6310199864908
3.0,69.9143387663549,10.3202251422633
3.1,69.9195734393963,10.3097974123704
3.2,69.9250378019467,10.3432826473509
3.3,69.9328704005861,10.2096396553555
3.4,69.944951319867,10.3510389488394
3.5,69.9628961215034,10.4207426227886
3.6,69.9880545304811,10.530857520851
3.7,70.0215136747678,10.4834623229924
3.8,70.0641056121423,10.4187064519512
3.9,70.1164188122719,10.251040546711
4.0,70.178813205138,10.0664941889888
4.1,70.2514383586146,9.98230209571502
4.2,70.3342543086499,9.83077691118238
4.3,70.4270545351114,9.86418952597783
4.4,70.5294905548498,9.82099338731244
4.5,70.6410975907004,9.89204722567089
4.6,70.7613207707114,9.84631963058683
4.7,70.8895413155301,9.58094108119607
4.8,71.0251021832465,9.30594255386226
4.9,71.167332659731,9.42581881862158
5.0,71.3155714082569,9.51864249945586
5.1,71.4691875246458,9.51441002784197
5.2,71.6275991830008,9.61065529407695
5.3,71.8458555846027,9.93223886458538
5.4,72.0898802851613,9.98341085688623
5.5,72.3358363188327,9.84829424192385
5.6,72.5834502072646,9.70240892218233
5.7,72.8326076397462,9.70943111568171
5.8,73.0833523798398,9.8417439738773
5.9,73.2903365919867,10.0446116341513
6.0,73.3334928547178,9.96886621351179
6.1,73.3890560835945,9.65016716115328
6.2,73.4570530313043,9.86815964841258
6.3,73.5375723610389,10.0646716456216
6.4,73.6307361543011,10.2212152087341
6.5,73.7366694432495,10.4441709667342
6.6,73.8554683405448,10.4545492248479
6.7,73.9871673925612,10.6286817701094
6.8,74.1317068267191,10.625465429408
6.9,74.2889003995185,10.8407446881382
7.0,74.4584045775381,10.8482410087859
7.1,74.639689798156,10.9734937294038
7.2,74.8320145589671,11.0433714777525
7.3,75.0344030736851,10.9352208036289
7.4,75.245627206617,11.2137234338259
7.5,75.464193356403,11.1685934574956
7.6,75.688334901567,11.4209068823794
7.7,75.9160107445186,11.6766422530136
7.8,76.1449103962438,11.9209332446094
7.9,76.372465930602,11.8717902829839
8.0,76.5958710050234,11.8392925692413
8.1,76.81210699422,12.3356090745449
8.2,77.0179761169214,12.3591561817466
8.3,77.2101412552196,12.5769476905683
8.4,77.3851719756088,12.6036758928029
8.5,77.5395960651911,12.3652017302119
8.6,77.6699557019209,12.0731648415943
8.7,77.7728671914467,11.950398511877
8.8,77.8278639459953,11.7905798642461
8.9,77.8257814473007,12.0816341860294
9.0,77.7854248776024,12.3787048937979
9.1,77.7044633734833,12.0641993777136
9.2,77.5809529994228,12.1403006227081
9.3,77.4133819773648,12.0438645650255
9.4,77.2007084050171,12.6912961529791
9.5,76.9423893355213,12.7321659591868
9.6,76.6384003347676,13.3684540546748
9.7,76.2892449156392,13.2814523205008
9.8,75.895953559352,13.2551863297527
9.9,75.4600723593793,13.3391173308158
10.0,74.9836416487353,13.5598837354669
10.1,74.4691652820132,13.4090838520666
10.2,73.9195715256712,13.4929094891357
10.3,73.3381667514954,13.6413216669529
10.4,72.7285833191879,13.6581238930858
10.5,72.0947231678888,13.746630586198
10.6,71.4406987096618,14.0928258486061
10.7,70.7707726304053,14.3307702763151
10.8,70.089298158293,14.7217231801864
10.9,69.6449217784805,15.2701961258455
11.0,69.4157694201425,15.262518710281
11.1,68.9202420795586,15.7755978563878
11.2,68.2213275776657,15.9231731446283
11.3,67.5302237715684,15.7741950537304
11.4,66.8507149855266,16.1334022758329
11.5,66.1863663314049,16.2756261830827
11.6,65.5405034769016,16.5137863105063
11.7,64.9161992053921,16.6242159514356
11.8,64.3162665049869,16.7497789032142
11.9,63.7432577778827,16.9885263757336
12.0,63.1994696406579,16.7904420478232
12.1,62.6869526923804,16.7703243835514
12.2,62.2075255598083,16.9592604477937
12.3,61.7563970152731,16.9262081643
12.4,61.3323259649347,16.8172750684142
12.5,60.9440800230989,17.0507227707663
12.6,60.5927035560179,16.9644451844994
12.7,60.2791017565337,16.9454785931315
12.8,60.0040651330315,16.7198441599688
12.9,59.7682930836077,16.7648437286461
13.0,59.5724160590805,16.7412933639084
13.1,59.4170158916249,16.8321560372068
13.2,59.302643942317296,16.8017401025022
13.3,59.2298367989692,16.65800047508
13.4,59.1991293336399,16.8308989744868
13.5,59.2110650056464,16.6692408782582
13.6,59.2662033693637,16.7311734628411
13.7,59.3651248154071,17.0769703007155
13.8,59.5084326378864,17.2156214097367
13.9,59.6967525784366,17.1742322739104
14.0,59.8133793891301,17.3631448867919
14.1,59.9505571827829,17.7327765392231
14.2,60.1304069282515,17.780130245531
14.3,60.3537915956042,17.7292428556356
14.4,60.6366331087607,17.7974293015443
14.5,60.99470277449,17.5860014426298
14.6,61.4000331901286,17.606891021261
14.7,61.8540645396881,17.5100528757737
14.8,62.3583462128166,17.425275278892
14.9,62.9145573880203,17.6226275405082
15.0,90.9132749280916,17.8155708119694
15.1,91.3418870379305,17.9550638017392
15.2,91.7758770054158,18.1454933508778
15.3,92.2118940584574,18.3041092258559
15.4,92.6463646813053,18.4618988815779
15.5,93.0755201353202,18.4841330203559
15.6,93.4976972231087,18.4461176041019
15.7,93.9185353200662,18.4529567397497
15.8,94.3279914266467,18.4897078048964
15.9,94.7215598657083,18.5293058157347
16.0,95.0947217934527,18.5500461310467
16.1,95.4429975986451,18.4870599057915
16.2,95.6913669209842,18.6183947519774
16.3,95.8963703985386,18.4938570685092
16.4,96.0655849932325,18.62936260534
16.5,96.195593714154,18.60383049431
16.6,96.2832974803447,18.5900515581025
16.7,96.3259615886028,18.8936686818667
16.8,96.3212582050905,18.6068848211897
16.9,96.2673039867158,18.5589180665328
17.0,96.1626920350111,18.5781222393868
17.1,96.0065175071233,18.573270345873
17.2,95.7983963530611,18.6287112777881
17.3,95.5384768122131,18.527952042993
17.4,95.2274434813385,18.3896275362323
17.5,94.8665139561298,18.3613434181439
17.6,94.4574282440166,18.4136724740188
17.7,94.0024313418639,18.5683605439976
17.8,93.5042495633719,18.7193939361777
17.9,92.9660613823135,18.3915549351654
18.0,92.3914637247784,18.1424413964359
18.1,91.7844347926644,18.1508050485306
18.2,91.1492946291102,18.0400912508275
18.3,90.4906647430725,18.002693494639
18.4,89.797066095348,17.8840694305776
18.5,88.8188733258428,17.7461691341399
18.6,87.8189198325231,17.3498320362
18.7,86.3562636600718,16.8249468545621
18.8,84.7976643231987,16.600661800996
18.9,81.4049110586957,16.2938535754766
19.0,80.3374035442866,16.0988266985551
19.1,79.2804786623518,15.8127714724219
19.2,78.2363163318912,15.8473290947543
19.3,77.2068520075868,15.8094361654275
19.4,76.1937656158517,15.582510163957
19.5,75.1984756488185,15.2629856131968
19.6,74.2221381689421,15.1907061613988
19.7,73.2656503972346,15.3195603080326
19.8,72.3296584904475,15.1093855911564
19.9,71.4145690577768,14.9583464131088
20.0,70.5205639264959,14.6632495308571
20.1,69.6476176384828,14.7385113113685
20.2,66.134226909379,14.5074133587424
20.3,65.3403937791834,14.0587992201995
20.4,64.5646323612439,13.7847250664333
20.5,63.8064754277265,13.3824969210503
20.6,63.0653458820813,13.1264273761898
20.7,62.3405804767372,12.9505248402881
20.8,61.6314528227995,12.7426056407964
20.9,61.1300747709015,12.6990038925732
21.0,60.888817421107,12.6634542119877
21.1,60.6356032978939,12.3251124911825
21.2,60.369956876724,12.2169242048153
21.3,59.8937732991757,12.1173930997474
21.4,59.3266043277152,11.8494370676328
21.5,58.7678648913383,11.690313925587
21.6,58.1354528996738,11.5287386476829
21.7,57.7579346746086,11.482415658579
21.8,56.8310920580996,11.2523169175514
21.9,55.9284532574324,11.0099105061354
22.0,55.0486220350527,10.9274236774959
22.1,54.1903817256764,10.8330943348252
22.2,53.3526829555067,10.8358973381222
22.3,52.5346308779776,10.7884406464051
22.4,51.7354721281105,10.7310283933899
22.5,50.866332724299696,10.6461377738548
22.6,49.993130929839296,10.4651349155564
22.7,49.1739424433566,10.3259351892302
22.8,48.6015401399567,9.91031703204972
22.9,48.2802780242904,9.54086328293276
23.0,47.860590610154894,9.54664558055132
23.1,47.3322748393807,9.43640448330119
23.2,46.8118473932162,9.28487303710569
23.3,46.2996934647048,9.24952804460424
23.4,45.7962209359818,9.3241351696835
23.5,45.3018553674228,9.20621630032162
23.6,44.817035544586304,9.24102438802985
23.7,44.3419325043991,9.18186426241931
23.8,43.8761723956364,9.04359965923211
23.9,43.4209957164162,8.77639201289907
24.0,42.9767982159944,8.56320169498583
24.1,42.543970749047105,8.45707363008128
24.2,42.1228991312461,8.40526603607941
24.3,41.713964862856,8.47232200537392
24.4,41.3175467546547,8.35293398961255
24.5,40.9340234941634,8.34085577517875
24.6,40.5637771964046,8.2188771986123
24.7,40.2071979925989,8.2091289453717
24.8,39.8646897228951,8.22613460004734
24.9,39.5366768160742,8.15935363263783
25.0,39.223612461055296,8.00363671360672
25.1,38.9259882031126,7.89378556705879
25.2,38.6443451334476,7.91761791241724
25.3,38.3896893196956,7.82927993023968
25.4,38.2054864296913,7.75191718701043
25.5,38.0519690945684,7.71866755809049
25.6,37.917196514221,7.73664365530875
25.7,38.1267315485025,7.61361007139105
25.8,38.9972838506371,7.5006050304307
25.9,39.1261500099169,7.46216736610269
26.0,38.953000558326096,7.3930514917654
26.1,38.7724798311116,7.32468915798417
26.2,38.6181936363587,7.43914510150559
26.3,38.4803644549242,7.276404769076941
26.4,38.3148868642813,7.16475055649808
26.5,38.1108239436285,7.1109231203365
26.6,37.9132578835014,7.0122353106758
26.7,37.7220165991022,6.91336080484711
26.8,37.6955896048128,6.84599733869584
26.9,37.5578512914444,6.76366974633545
27.0,37.3637955343361,6.60602471867185
27.1,37.176350145871105,6.46773497485
27.2,36.9953735926047,6.45584100664275
27.3,36.8207445692298,6.40226106790503
27.4,36.6523625866337,6.32290291951349
27.5,36.4901482855917,6.31296036084095
27.6,36.3340434840838,6.36018372594983
27.7,36.1840109679629,6.38029246921009
27.8,36.0400340362008,6.21319996754597
27.9,35.8927773209526,6.25516584914112
28.0,35.7499907222187,6.22474555906972
28.1,36.8531925598655,6.2485404263094
28.2,36.7801695915526,6.30163358581771
28.3,36.6520839585394,6.39688886579481
28.4,36.5301988764756,6.43065842861615
28.5,36.4146045340596,6.43790824828863
28.6,36.305400308181,6.50904736659543
28.7,36.2026927660608,6.40115865736367
28.8,36.1065935813389,6.30391222833783
28.9,36.0172173821579,6.31308575866006
29.0,35.9346795499595,6.35292771861993
29.1,35.8590939886173,6.39476765670763
29.2,35.7905708847523,6.32026996247499
29.3,35.7292144816478,6.31024339416378
29.4,35.6751208911727,6.23411574601432
29.5,35.6283759705627,6.24444118546016
29.6,35.5882283540569,6.30103751859241
29.7,35.5552242264109,6.31617230789928
29.8,35.5301915444833,6.30488471103152
29.9,35.5131796376343,6.33810799229764
30.0,35.5042207813993,6.43959512670626
30.1,35.503329262711,6.48448431183433
30.2,35.5105007954628,6.49034899170375
30.3,35.5257123489425,6.64709726483581
30.4,35.548922457695,6.7274586544961
30.5,36.3177357627781,6.7402925087624
30.6,36.4018183599174,6.846941611
30.7,36.4950056561387,6.92278174491144
30.8,36.5972635346307,6.95750828085681
30.9,36.7085506493885,7.02311856746277
31.0,37.7660389089088,7.09147823848138
31.1,38.6074502597191,7.26496860792309
31.2,39.827988667767,7.243730902826541
31.3,40.5039323904434,7.41450139164895
31.4,41.2232092486742,7.51100111645558
31.5,42.016630457735104,7.65670094858959
31.6,43.0160296118478,7.78769061950752
31.7,44.264696398329,7.91426706990148
31.8,44.606888477327104,8.04551066291068
31.9,44.9607933759233,8.44384524712157
32.0,45.2818048863854,8.62503914104513
32.1,45.5433283538204,8.6930628763592
32.2,45.8180357787409,8.95145164195644
32.3,46.1104579789269,9.16783258015303
32.4,46.41430652480489,9.46825083450803
32.5,46.7307983086397,9.53337402324438
32.6,47.061373624332,9.68710367922932
32.7,47.4077001662478,9.99636785865883
32.8,47.7716704637407,10.533875848172
32.9,48.1553914369015,11.202290942817
33.0,48.7362544664223,11.6141588521184
33.1,52.0585428198026,12.6272265532708
33.2,52.4968670865185,13.2382601699359
33.3,52.967167263067296,14.1646061835781
33.4,53.4723507662677,15.5479516527684
33.5,54.015270640419295,16.4004366671692
33.6,54.5986339401453,17.2693383512355
33.7,55.2248967913925,18.3951339070298
33.8,55.8961468154446,19.5006466604471
33.9,56.613974149335,20.3539013091333
34.0,57.3793329283052,20.4980652779195
34.1,58.192395813307,20.4442195698397
34.2,59.0524049459134,21.2635267621809
34.3,59.9575235840712,22.2479717711978
34.4,60.9046935938454,22.9942143824838
34.5,61.8895049088977,23.3487498484387
34.6,62.9060839665727,24.2783348937789
34.7,63.9470089109735,25.1454843746447
34.8,65.0032599200341,25.7861513790742
34.9,66.0642132446455,26.5354214755706
35.0,67.1176873073247,27.8089618752903
35.1,68.1500483561581,27.6459065179586
35.2,69.7659204709564,28.020005366476
35.3,70.7945653240898,27.8967143346832
35.4,76.0528137045192,27.3748333498865
35.5,72.7835608783433,27.9496555184121
35.6,73.8876650925179,28.79871567401
35.7,78.8031553469733,28.3938642468639
35.8,78.3408254791361,28.2654721726744
35.9,77.1482084533136,27.1793195043948
36.0,77.6406411760918,27.3677073561462
36.1,77.9906136731227,27.5883718111207
36.2,78.1869145393619,26.8890124603558
36.3,77.7328479356396,26.6021484009766
36.4,54.453220919325,26.217767235693
36.5,53.891296429365,25.6172482822698
36.6,53.3135320180381,25.1228995033714
36.7,52.7144072295324,24.3042220298434
36.8,52.0900652672925,24.3267248473237
36.9,51.4381511659311,22.6278364136956
37.0,50.7576629495668,22.399035877745
37.1,50.0488101113161,22.2417648221194
37.2,49.3355633533137,21.2844595630972
37.3,48.5965272828814,19.5018164173589
37.4,47.8289251080272,18.7569756544458
37.5,47.0305118392541,17.8342855208456
37.6,46.2151452551858,17.0489932702376
37.7,45.3898619743448,16.1126917257645
37.8,44.559735773533,15.1950170023474
37.9,43.7299912535498,14.0039870622978
38.0,42.9058944433103,13.7321231074237
38.1,42.0895758056861,12.9825018665388
38.2,41.2856933475929,12.7989165950971
38.3,40.5025643622948,12.2085397099286
38.4,39.7451891969942,12.082301234164
38.5,39.0182314409652,11.8294788337297
38.6,38.3260129803071,11.8322885780237
38.7,37.6725305032355,11.6977689578818
38.8,37.0614926565709,11.7454862714832
38.9,36.4968014707821,11.6249766973103
39.0,34.5065322008548,11.6282954447113
39.1,33.639745215969,11.9626380382148
39.2,33.2000051743379,11.9983392663595
39.3,32.8356493697726,12.0267521952843
39.4,32.5507295607277,12.3139330425119
39.5,32.3499384369543,12.9020220047304
39.6,32.2260951090664,13.4513153830103
39.7,32.1942720359448,14.1747282163663
39.8,32.2631639162991,14.5008404328765
39.9,32.5638617476883,15.2485442343647
40.0,32.9202866739846,15.9044622451726
40.1,33.3080852213207,16.9134575791709
40.2,33.7486598147461,17.7495840981681
40.3,34.8504952706195,19.3420278150336
40.4,35.4652411745696,19.9980791414952
40.5,36.1919463314201,21.3847376838848
40.6,37.0476858710694,21.8140309868669
40.7,38.0489960567695,23.209235005322
40.8,39.2123660352484,24.1854105836661
40.9,40.554770487013506,27.950767006436
41.0,43.5604250091966,31.9769320187308
41.1,45.37434391167471,35.9451790408905
41.2,48.952820306021906,45.2283574520067
41.3,51.3105277635255,58.1282061646293
41.4,53.9707996929369,71.2841033785822
41.5,56.9695331986603,93.2211354407561
41.6,60.3501595048422,113.475869183719
41.7,64.1656951338083,142.777179169018
41.8,68.4812812970637,169.486614016496
41.9,78.4062151140597,205.637766636265
42.0,84.4167332784457,233.028725385972
42.1,91.305835489332,313.833731981979
42.2,99.2482968507948,385.66726174296
42.3,173.766440607041,425.038038700788
42.4,253.992536075397,493.55806718896
42.5,506.565912169364,595.216929334897
42.6,640.355131770108,669.461796610916
42.7,755.018747228005,822.867708019905
42.8,884.180399443369,1018.67175605941
42.9,1083.73283198661,1189.66400997185
43.0,1299.09575556407,1317.01465729941
43.1,2043.22238943818,1531.02805195246
43.2,2179.52142610736,1672.00266178763
43.3,2460.48673007226,1741.05764858957
43.4,3934.17089124134,1782.56855443867
43.5,4096.56642362419,1808.21193464162
43.6,4516.47672663782,1895.70814833391
43.7,4670.73153408894,1876.92769014978
43.8,6113.33132578628,1883.43148222246
43.9,6201.73715913518,1898.20416095905
44.0,6249.48118184948,1816.20398584258
44.1,6254.17252172378,1836.74695944832
44.2,6214.62995952156,1751.08498680194
44.3,6130.97907696929,1722.54847969618
44.4,6004.67896683965,1679.84812466041
44.5,4515.92207543072,1686.31786493342
44.6,4072.53190828676,1670.62639875735
44.7,3895.4464330118303,1639.60641122379
44.8,3548.39498052818,1520.01632427128
44.9,3331.34894783072,1503.79536013983
45.0,3105.27071381055,1402.29613254707
45.1,2368.29626287023,1294.15789761072
45.2,1747.02705039886,1184.03065482104
45.3,1609.95723610436,1092.9112752007
45.4,1478.54393948424,951.645529495548
45.5,1140.71126590406,859.89367144481
45.6,804.525864042548,704.448175310846
45.7,597.340847097785,631.942940366164
45.8,553.444784723521,519.840292952492
45.9,514.472586127762,443.951353862033
46.0,474.58600678113294,360.837427793515
46.1,401.42397503195,306.041897034601
46.2,277.610492319068,282.538911708156
46.3,108.704004785839,260.825562945965
46.4,67.311325893492,223.137590852932
46.5,62.5726713164852,187.738678221698
46.6,59.552766907465,170.545761048628
46.7,57.8096201013842,145.746814180719
46.8,57.0861974552079,125.623365076798
46.9,57.22994011896311,102.950941190221
47.0,58.152590277059,81.3724911860066
47.1,59.8096680789352,70.3611995500176
47.2,62.1909628217687,69.1921875209144
47.3,67.1323173899946,58.9492708305117
47.4,70.6541181268409,53.8946804658902
47.5,74.7293671606437,49.8016512811476
47.6,79.3162718111042,48.554229036574704
47.7,84.3452808230963,44.1031670756056
47.8,89.8039282661131,41.3745354414596
47.9,95.6415578209145,40.1745600370705
48.0,101.790602678448,37.6298884189684
48.1,108.168568257138,35.5119125004175
48.2,114.68196652826,34.347612824864
48.3,121.22802055085,33.0552750500817
48.4,127.697158563171,32.0810910800841
48.5,133.9761832146,30.5969685561705
48.6,139.951951189632,28.8641425681336
48.7,145.51535533384,27.9809873798298
48.8,152.341016717439,27.6511256153862
48.9,159.933517480589,26.9439290156405
49.0,164.448394805735,25.9286426604331
49.1,167.523034007374,25.6582056781355
49.2,169.803606046018,26.5579004253953
49.3,171.276993685581,26.5262869587811
49.4,171.951680222309,27.445501167986
49.5,171.662402838917,27.7022547372179
49.6,170.118246007635,28.7280941680844
49.7,167.865578441012,30.2908958532256
49.8,164.269614071791,30.689318337824
49.9,161.744338323304,31.0389854919035
50.0,158.817927585313,32.0098685704083
50.1,155.58248895088,32.9884888595902
50.2,152.130019424205,33.1006189640609
50.3,148.550437274975,34.3085144807808
50.4,144.930476038677,34.2061963208588
50.5,141.353572080232,32.9519023193494
50.6,137.900826718744,33.6702908917936
50.7,134.653061752352,35.5661838570102
50.8,131.69390894298,36.6198865225328
50.9,129.106412659903,38.0503453019132
51.0,126.99747071034,38.8414622253796
51.1,125.48915177728,41.03802492058
51.2,124.720300703719,43.697015857456094
51.3,124.855645936812,52.063130017210305
51.4,126.087346797843,71.9913190523473
51.5,128.601205811978,89.6097170925182
51.6,132.870738319069,121.433611721579
51.7,138.65373774488,167.398133744892
51.8,146.432490709737,211.118700283505
51.9,156.511012553449,279.357609593658
52.0,169.279993816756,354.460394971714
52.1,185.062782198635,420.040862564182
52.2,204.362832824734,451.293760196416
52.3,227.951994389532,467.330997803445
52.4,288.841208366196,497.04255919723295
52.5,1080.79024792452,520.029992380618
52.6,1144.72723059704,580.423800834883
52.7,1200.40094998084,688.613741432828
52.8,1244.43836024907,749.466931670156
52.9,1297.27181083215,761.919670440953
53.0,1308.32764923514,786.438022023544
53.1,1283.19638629733,804.615345045171
53.2,1262.40757131766,806.575908159103
53.3,1729.70402155124,830.343627977656
53.4,1667.57176789151,837.078860640439
53.5,1584.1907457897,838.854762389597
53.6,1489.06591951884,841.097548913874
53.7,993.47392010045,831.871455330495
53.8,929.391905107798,797.940775504007
53.9,870.02845635657,798.446714615193
54.0,676.307648315045,759.69630992197
54.1,637.800740111485,700.586680667752
54.2,604.597281743409,628.337761815874
54.3,576.812580793741,568.354398670163
54.4,554.229808322718,525.394276263375
54.5,536.393626606739,454.659484043492
54.6,522.701416495722,417.078435579962
54.7,512.483355261986,367.91227573159694
54.8,505.066221729376,343.324689398186
54.9,499.81907565104495,313.168074694794
55.0,496.181525849531,299.939551106865
55.1,493.677019605464,296.85364015922
55.2,491.914470970132,267.410801339485
55.3,684.960492027212,263.996832958863
55.4,682.568627375114,260.271698812754
55.5,680.008409970622,242.816437178723
55.6,677.097340140011,246.552868254201
55.7,673.691902079683,239.732213152738
55.8,656.655892298024,233.289597543689
55.9,645.949826327595,229.455383870515
56.0,641.544638250644,260.607881686934
56.1,636.652617916499,264.037014651501
56.2,631.264319327921,276.584230591224
56.3,625.377181507662,277.490469435537
56.4,618.994966544649,282.290827645958
56.5,612.127857094879,285.688213895536
56.6,604.792925670619,284.552815336384
56.7,454.1231350048,282.551368065443
56.8,500.499060173433,284.817253442029
56.9,431.094408650514,282.307650491166
57.0,199.127082452397,279.211786963498
57.1,184.652661199566,276.396463538285
57.2,174.485152656476,274.527300920887
57.3,140.475776434709,268.949280082562
57.4,137.263405432015,264.237612024918
57.5,134.100546825645,260.51396073302
57.6,131.062482295844,259.41705920738
57.7,128.382847041597,256.650331441688
57.8,125.684983071993,255.939499659478
57.9,122.928815290442,254.423805598321
58.0,120.341909657777,251.824289895867
58.1,117.945690204763,246.274289672128
58.2,116.110294584171,242.357630839931
58.3,114.692450483995,233.436313817929
58.4,113.274283966639,235.528081741023
58.5,111.790025613963,232.511424185196
58.6,110.595656418724,230.841676577675
58.7,109.711067351545,229.485821397848
58.8,109.157571939898,234.951173274485
58.9,108.958425051183,236.260385658865
59.0,109.576022428204,240.936688207404
59.1,110.138200628385,242.487040263131
59.2,111.137413056375,245.495329507815
59.3,112.606389706722,244.232442331956
59.4,114.579796833233,244.693552084789
59.5,117.093392288974,244.83151281248
59.6,120.182793311791,248.132600324863
59.7,123.88183587768,253.439782069952
59.8,128.22052339261,253.653249437974
59.9,164.280691058764,257.60286334395
60.0,398.26501586101,262.07218176885
60.1,515.691704684632,265.876411334447
60.2,534.564318667248,269.700338903046
60.3,554.558354606657,273.504369586669
60.4,735.980585873434,277.729536318747
60.5,763.877027523683,281.109031130526
60.6,791.644024612251,285.344764474201
60.7,842.231346437667,290.113985601847
60.8,866.320647025708,276.450030313847
60.9,888.931531117238,223.046319671816
61.0,911.622580069884,196.65947917501
61.1,1003.93831122037,194.867891255761
61.2,1021.80376917506,198.552697538616
61.3,1037.52711654899,207.756869028672
61.4,1051.57410882593,220.27763964385
61.5,1083.28225116574,237.559664673036
61.6,1104.4926635458,259.120285367108
61.7,1201.58546721252,276.279137896716
61.8,1215.68487472382,307.224184653292
61.9,1236.80204651892,330.771884736031
62.0,1268.11156250299,354.507110641569
62.1,1312.24271385546,378.463428712467
62.2,1408.36161656199,398.801203058666
62.3,1507.70333744838,434.68126661005
62.4,1612.0848127676,463.623929795045
62.5,1738.68722005942,489.109757374304
62.6,1890.25002588403,502.55952288736
62.7,2134.49556067532,509.871698196809
62.8,2532.49112037898,523.45065157764
62.9,2817.29056691599,513.205901779038
63.0,3075.24055083273,536.747323706357
63.1,3355.62278194402,536.342446855283
63.2,3614.43074812439,532.354037253838
63.3,3850.22654290082,520.350980372526
63.4,4050.7487379955105,521.264776477797
63.5,4205.31328839965,515.951118258115
63.6,4305.98981293538,512.74542113999
63.7,4348.45927637213,504.101818037841
63.8,4332.39463191536,479.585556942023
63.9,4261.29805316061,478.186713799474
64.0,4141.83871354425,479.939536780676
64.1,3885.86441958314,515.44101228863
64.2,3702.67127361156,550.532185181088
64.3,3502.58879105387,553.477864070777
64.4,3294.07027550961,555.552607644989
64.5,3084.03701525364,558.559054203124
64.6,2877.70859921492,574.403940973162
64.7,2678.69390608463,582.331902051723
64.8,2489.24990764951,588.991212889519
64.9,2275.84721781755,574.311310838985
65.0,2110.59311266464,536.007526373798
65.1,1947.43175145931,527.975138505258
65.2,1424.55051679547,509.959646396203
65.3,1241.9848401419,453.533390232153
65.4,1156.56773568587,405.678439372598
65.5,1081.12399100047,365.391259178367
65.6,1014.80442799035,319.364042107893
65.7,957.140040256692,286.274668971129
65.8,907.768095572518,257.514363872224
65.9,866.262907647279,234.789257981189
66.0,832.148599654947,219.903675347427
66.1,836.114429747778,197.38977532892
66.2,814.045853076535,184.956116817152
66.3,797.374738634288,168.199569797045
66.4,785.431538994913,158.318623438799
66.5,777.535339299884,145.329239446083
66.6,773.003156620592,138.835150999534
66.7,771.158891472257,131.457939732192
66.8,771.342474854549,122.124635556869
66.9,772.91935750213,114.619352561747
67.0,779.126560961339,114.674334142723
67.1,813.703028287129,115.140889482971
67.2,870.736716179407,115.827419480506
67.3,871.597127601504,113.015220917488
67.4,871.685523823745,113.531446983985
67.5,870.84699313298,117.221128050656
67.6,869.043240846449,123.142025783778
67.7,840.57682716959,126.245134723469
67.8,835.879702207526,127.396972517335
67.9,827.533259361763,134.225696637311
68.0,736.585013576402,139.050631845557
68.1,735.890168978342,147.228834761606
68.2,736.169619622356,157.417557984136
68.3,737.8140803801,178.727809752747
68.4,740.66740010821,186.041955699299
68.5,743.026902279537,196.950771087956
68.6,747.387894036237,206.815429055238
68.7,753.969515217176,215.06881674344
68.8,789.998263706983,224.159164849974
68.9,800.592064738164,232.651581370131
69.0,813.616151303446,239.60660041797
69.1,828.900485368382,245.561587236651
69.2,846.162251404434,246.122188533869
69.3,865.007160496227,243.863833191879
69.4,884.936448088026,236.510292499167
69.5,905.861417692841,237.145117501125
69.6,926.754292556425,226.779503505306
69.7,946.771121885477,228.773280384972
69.8,1067.35854327619,225.574183586803
69.9,1094.12841236457,226.435237642561
70.0,1191.80721830627,233.481276534085
70.1,1202.13958936901,245.635078291856
70.2,1207.32760483109,249.489448460037
70.3,1207.34356260469,258.412822157345
70.4,1202.31622940517,266.088643078659
70.5,1197.84391415539,282.323156173978
70.6,1160.04496837853,295.246505666218
70.7,1257.45250386172,309.645326082334
70.8,1238.79156967779,338.000002699623
70.9,1223.92567931749,355.641358098485
71.0,1215.02083113698,382.654112862376
71.1,1214.46120254895,419.99167894027505
71.2,1224.52481145514,458.315450810296
71.3,1247.00961727908,484.370036307778
71.4,1282.84142689343,514.34834759281
71.5,1331.71281852161,536.34553665143
71.6,1391.81681936389,573.382507661692
71.7,1459.74262596809,573.316816499783
71.8,1530.58819352072,562.730794340342
71.9,1598.31485277346,569.478949744558
72.0,1656.32602906823,570.391186017386
72.1,1698.20431219795,581.267194223316
72.2,1718.50034974355,613.970629841167
72.3,1713.44500235737,625.360330722049
72.4,2131.60953345639,628.64415280089
72.5,2299.6814349715,697.020629571465
72.6,2378.68065083242,740.59704996853
72.7,2367.73753923408,727.614942795077
72.8,2188.76970646035,768.374125379451
72.9,1996.5319966616,794.707440588452
73.0,1819.08683335104,800.374734259138
73.1,1632.2781826208,780.872804927831
73.2,1462.58589875779,776.812797754489
73.3,1243.11747006228,745.762171472121
73.4,1136.08796897557,689.965186809561
73.5,1053.10939707449,617.967083069239
73.6,980.229544084294,542.811297330148
73.7,836.54397591092,466.214873399104
73.8,812.740666751931,388.786094838025
73.9,803.13161626318,346.021344593744
74.0,805.894473115841,287.954063634504
74.1,890.260867015849,257.09468295895
74.2,963.255311609093,238.315515891317
74.3,1033.47877974347,225.182548303895
74.4,1077.99486350928,224.388930568943
74.5,1112.66085001621,222.654309327601
74.6,1201.96102954051,219.213260017964
74.7,1267.12415816786,218.8585413756
74.8,1232.47115961196,213.759220621198
74.9,1320.49210518805,223.105841547826
75.0,1333.62873492821,222.066371363519
75.1,1342.64989979674,244.651851130738
75.2,1276.63931614682,251.991750223762
75.3,1286.06646573376,266.173861176922
75.4,1298.55224596695,279.943056328232
75.5,1315.53357238532,300.307446992992
75.6,1338.1761219628,321.882726014066
75.7,1366.96779679968,331.099993425785
75.8,1401.37785748268,353.322444143822
75.9,1439.64532075375,364.62133629495906
76.0,1403.24609978072,370.433335909702
76.1,1426.82186628812,362.905773496884
76.2,1244.71067331088,357.331967295585
76.3,971.089478622002,352.533384563938
76.4,968.972651710124,337.455312948442
76.5,770.037076141411,332.77115559488
76.6,754.771701364081,313.176467484792
76.7,732.471489100221,308.763843869436
76.8,704.758567029448,293.845728516966
76.9,673.825786645508,271.041087759117
77.0,642.14163089714,258.390190607001
77.1,609.329152752194,244.497655123391
77.2,583.524262152502,221.867263264407
77.3,563.320145539356,210.496201570034
77.4,536.675973058035,194.4794566697
77.5,479.170808308772,180.277976009917
77.6,332.28175091053,173.200869821444
77.7,337.857215739997,159.590862901375
77.8,348.397602547953,153.026324247406
77.9,363.838974518268,148.136971292506
78.0,384.078705260494,144.186625546198
78.1,375.531681108732,142.503028893522
78.2,403.293004232949,147.847936297039
78.3,436.907416801832,145.293806157017
78.4,476.505026730565,146.363728542157
78.5,522.019381101343,150.970681113061
78.6,573.017382836273,160.191330165788
78.7,628.562135130432,175.341032580744
78.8,687.128675712162,185.708000509142
78.9,746.590179697614,189.716828907935
79.0,804.284233689578,212.4728838775
79.1,947.983814418863,216.179305600688
79.2,995.011709426352,209.814533414316
79.3,1028.95125730011,206.780530917033
79.4,1046.92663618727,225.135102225772
79.5,1188.25374046269,272.276695766269
79.6,1167.53221490097,288.915624257937
79.7,1125.85177236526,334.2206313346
79.8,1065.51678373355,338.45559052128
79.9,873.150119854727,368.422465031334
80.0,914.179533292576,389.849793299551
80.1,887.641658015242,368.391782091106
80.2,787.225578707204,346.110181211925
80.3,691.396706396487,355.020239362592
80.4,603.869077566982,352.422591866366
80.5,527.013393033237,337.078344925223
80.6,461.88820326204706,308.693694899237
80.7,411.749885251126,285.100715240977
80.8,401.25618039582093,262.6349743262
80.9,427.908863356508,237.549216892371
81.0,360.19152530606,210.661329022025
81.1,300.244269178607,192.738173132075
81.2,292.203610538885,179.360294689568
81.3,283.03756876028,168.46123999039
81.4,249.235469384369,164.5492184986
81.5,286.483448070519,149.478495847185
81.6,323.489397868805,143.868154481673
81.7,326.945582328971,136.598697460552
81.8,332.120783527816,138.26860805657
81.9,338.228820508692,129.354030894325
82.0,344.508403627818,121.302778326864
82.1,350.289853995832,118.450169960617
82.2,301.515396056332,117.548906958947
82.3,304.261570418037,117.830310958322
82.4,306.076704398079,127.384918270489
82.5,307.347257295732,128.406030858443
82.6,327.006243894483,140.871960901486
82.7,329.514860057492,163.323419905832
82.8,334.956930974977,187.83295983127
82.9,345.505390765259,231.965296647954
83.0,324.582305255636,301.620485473116
83.1,350.775363640385,380.286581218566
83.2,390.77443599675104,465.382407246511
83.3,448.348596216153,539.301760062397
83.4,685.606785673208,615.953918664355
83.5,843.448775809993,697.564784958317
83.6,1008.75525735655,789.872282135189
83.7,1201.80587607674,917.261921319063
83.8,1753.39375652979,1034.05637043845
83.9,2315.77899527237,1004.30345072516
84.0,3533.01059796961,1014.57149913966
84.1,3895.35059547233,1012.70830321595
84.2,4183.8640851058,1049.41646015032
84.3,4377.10181390408,1007.5119760082
84.4,4461.631023822,1058.38119418358
84.5,4433.70813062079,1019.58109199669
84.6,4309.4057422798,1111.30190154774
84.7,4105.58482550541,1103.76088572386
84.8,3845.68093145282,1219.3668855587
84.9,3125.28229763384,1210.22781849806
85.0,2858.29657495623,1233.31056722432
85.1,2595.01808738615,1174.49671683555
85.2,2301.0914716211,1157.79016302632
85.3,2077.95461714025,1118.2294394496
85.4,2835.01848641227,1057.88048776926
85.5,2565.84626505926,1001.797451562
85.6,1772.21716180173,886.4031074368
85.7,1034.69880152722,727.900085423974
85.8,945.673159981728,650.280543445426
85.9,874.877071136746,510.776192029194
86.0,821.784102875702,469.263351692966
86.1,785.728013890874,408.607536787326
86.2,765.780351564571,370.09906582308
86.3,760.68285300617,356.223600664898
86.4,768.97326484367,341.452585788348
86.5,789.421005734589,318.501244737207
86.6,813.646899999466,337.192280058995
86.7,823.6035233738,346.307492204311
86.8,920.552442596713,354.216758920442
86.9,1016.1078326284,385.09122120564894
87.0,1092.40143364661,401.101272488532
87.1,1169.46865283201,474.303123387239
87.2,1254.93029323333,522.987939925801
87.3,1348.20135939955,566.490903093148
87.4,2525.81242463862,586.21375283879
87.5,2698.92796141698,627.426319845468
87.6,2868.55354294964,674.564512254525
87.7,3027.36923563807,654.726993534006
87.8,2074.38862811275,677.946919351916
87.9,1711.11118641899,716.141867550098
88.0,1655.55580734142,793.309747801936
88.1,1713.11149499621,914.098709377319
88.2,1627.87199872056,993.082117342622
88.3,2324.31535288681,1076.88903788728
88.4,2619.64861446416,1176.19249038057
88.5,3001.69611821373,1229.39355234767
88.6,3225.42061875215,1201.09835871701
88.7,3464.53725366305,1136.45084003962
88.8,3693.45303761246,1061.39703589105
88.9,3881.3669613074703,999.407976001224
89.0,3997.87317691959,983.663124573232
89.1,4026.844025247,979.826501955514
89.2,4219.348635044,990.091524527009
89.3,4009.34175305515,1151.27609994187
89.4,3445.53524336284,1363.76011732016
89.5,2823.43141394321,1441.50802532671
89.6,2472.48235439159,1550.7139695217
89.7,2121.25047705503,1609.86251387261
89.8,1646.94370129127,1540.47395363659
89.9,1385.12995757779,1435.81528277119
90.0,1115.09929625407,1240.88688865386
90.1,959.25037047563,1080.01671592051
90.2,743.455476871161,955.87985870583
90.3,698.17406335484,759.362763934886
90.4,684.082145233785,664.650501364893
90.5,807.447141349407,580.186035962332
90.6,1211.24150162046,543.558312691175
90.7,1459.92994261504,523.274969277759
90.8,1549.27570343661,534.951021663102
90.9,1645.88159100242,571.857833856768
91.0,1744.9186826638,601.654479620757
91.1,1843.87707635466,742.791668822283
91.2,2296.85630342585,951.695929860242
91.3,1809.99981582065,1099.06685845754
91.4,1681.06039482393,1225.61243488717
91.5,1778.14740486135,1428.35702392678
91.6,1899.91094305426,1549.54802501982
91.7,3986.06693901807,1612.3060368888
91.8,4272.84803095927,1591.86190956689
91.9,4587.13069888287,1606.19105091832
92.0,4911.0695284098,1509.53750818212
92.1,2861.84574027477,1442.90169835074
92.2,2747.73465376472,1399.3427416574
92.3,2804.25427185834,1272.79179740081
92.4,2811.98307445858,1093.18002625047
92.5,2776.16558254315,866.71302080761
92.6,2736.38373159477,673.798542331599
92.7,2609.9790375849,693.70373338166
92.8,2442.67542769662,681.072656103085
92.9,2211.72526043756,732.919690317215
93.0,1958.96822758804,722.797880609359
93.1,1350.75497795426,692.863343204173
93.2,1191.99093632808,662.914218230459
93.3,1040.77120698872,592.227062860503
93.4,901.933776361889,545.855267547669
93.5,779.380226499214,462.031573697515
93.6,676.073298359496,380.597126639671
93.7,594.032030496928,343.922454337405
93.8,534.400967844458,284.502280997271
93.9,497.749005088486,273.057575075934
94.0,484.958912457938,266.67982984582
94.1,756.365584909819,258.421477437636
94.2,836.153537256504,252.064431904667
94.3,1152.10559984554,267.03249611537
94.4,1730.31665338293,284.722792316612
94.5,1860.00917191508,309.117354376402
94.6,4051.3061150082,348.015167939012
94.7,4285.81332386329,404.14337981334097
94.8,4476.68432578786,466.387372500983
94.9,4606.93591186403,468.578463233523
95.0,2934.36103624056,489.773254223124
95.1,2926.27802268303,517.637283903509
95.2,2870.46241052124,503.885854981881
95.3,2772.70002422932,482.570476050554
95.4,2641.48970909046,535.558754415481
95.5,2342.06672966603,522.471141541324
95.6,1718.62178754063,583.394140210616
95.7,1555.91664342827,581.309189408456
95.8,1445.94419717076,586.503635433631
95.9,1049.74996409791,580.831238432819
96.0,993.558340136301,572.137007995252
96.1,953.261818009278,612.417556556351
96.2,929.102436989456,641.189865214622
96.3,919.9185289592,654.461176035267
96.4,923.255959851181,683.794828992797
96.5,935.615700663724,688.045034444479
96.6,1948.86171434847,718.830702865842
96.7,2194.34530842189,727.248880350864
96.8,2971.47913773743,727.443321684802
96.9,2985.63272555154,722.955418905633
97.0,2968.57636220827,708.586826739328
97.1,2919.72563000237,713.355780260141
97.2,2839.34854431818,724.835956160484
97.3,2730.23779887895,697.095067249381
97.4,2596.86016199475,683.672344233425
97.5,2444.58976694299,706.357378297382
97.6,2231.33020200961,661.675637490541
97.7,1536.50623571359,598.113097372457
97.8,1304.52655679027,501.161776772121
97.9,206.406390222788,418.854450384856
98.0,186.944735373534,311.165232527893
98.1,158.345851533323,187.309679111182
98.2,137.027683169173,74.6198852966687
98.3,114.715921567177,31.3175110142462
98.4,56.3822141697987,24.0542073741808
98.5,51.1413266743948,20.1979166752552
98.6,46.501798842876305,15.3319637036224
98.7,34.1015299797218,10.3299838539586
98.8,20.1539624103738,7.78781541745615
98.9,18.8784864728256,6.62762619188522
99.0,17.7107089878526,5.85238345832833
99.1,12.2581135537918,5.31258942883659
99.2,11.4373629252757,4.83433810929875
99.3,10.6663866735629,3.38330457183351
99.4,8.25284745892027,2.79980146988257
99.5,5.15505869604043,2.42621258844035
99.6,4.46677429537727,2.30139476583396
99.7,4.17072928370464,2.04010282314868
99.8,3.8963270750077,1.58812230332108
99.9,3.64284661472767,1.35225960822556
100.0,3.40922072921859,1.0445701741831
