Age (s),L_FUV/M (L_sun/M_sun)
0.0,394.4260694938154
100000.0,399.53105572903405
200000.0,404.73145829393167
300000.0,409.0421554639454
400000.0,413.74782221112866
500000.0,418.5166909485165
600000.0,423.4499929084766
700000.0,429.05002603980523
800000.0,433.8741252718366
900000.0,439.6277309945728
1000000.0,446.9660005378155
1100000.0,465.5871988185823
1200000.0,468.97970901764893
1300000.0,472.07042473584914
1400000.0,480.25763846833644
1500000.0,494.26637870736783
1600000.0,515.2685220624533
1700000.0,521.2058041392424
1800000.0,529.6738957885174
1900000.0,542.5191853963853
2000000.0,559.297947281984
2100000.0,581.9881423534267
2200000.0,618.033504412116
2300000.0,646.4179207451515
2400000.0,670.708969228178
2500000.0,691.9379044317063
2600000.0,703.2768199647574
2700000.0,721.9797391699732
2800000.0,717.9001101191568
2900000.0,701.1803198192977
3000000.0,660.0282671657228
3100000.0,617.7652649027285
3200000.0,586.1713438563164
3300000.0,554.7592713366196
3400000.0,522.1849072381156
3500000.0,499.326475807459
3600000.0,475.06908390316136
3700000.0,464.5426130651527
3800000.0,451.32726314911855
3900000.0,426.6777122235696
4000000.0,412.5137119537015
4100000.0,400.2115784399261
4200000.0,385.55700919216775
4300000.0,370.0934140648087
4400000.0,356.2087342623836
4500000.0,347.1674390723359
4600000.0,342.3484982039814
4700000.0,335.48179775994225
4800000.0,322.5145281263762
4900000.0,306.0739728511505
5000000.0,294.51196771614457
5100000.0,284.0237137356152
5200000.0,275.6535448408793
5300000.0,269.140214810028
5400000.0,264.686159914608
5500000.0,254.9944136724326
5600000.0,246.60359494459354
5700000.0,236.06587185199692
5800000.0,227.6518587066723
5900000.0,220.94695734263465
6000000.0,212.23990455633768
6100000.0,203.07481016622378
6200000.0,193.76884503480747
6300000.0,184.29515116187457
6400000.0,175.24093920106816
6500000.0,169.29509855416913
6600000.0,163.23801713944215
6700000.0,157.06371608960598
6800000.0,151.7104753949824
6900000.0,146.6814609004756
7000000.0,142.18606210745892
7100000.0,138.517823547484
7200000.0,134.92207481170496
7300000.0,131.97023257568017
7400000.0,129.15840799956248
7500000.0,126.23859006769517
7600000.0,123.2964913535588
7700000.0,120.33968949560261
7800000.0,117.28963820388154
7900000.0,114.66101590627467
8000000.0,112.3883254292656
8100000.0,110.4440666471651
8200000.0,108.6682920097752
8300000.0,106.84844072860541
8400000.0,105.13340674188547
8500000.0,103.41236965765212
8600000.0,101.64836179851656
8700000.0,99.79264075135166
8800000.0,98.01853190301495
8900000.0,96.28596362209628
9000000.0,94.46264389830107
9100000.0,92.52605197824056
9200000.0,90.60003551813384
9300000.0,88.72323127502335
9400000.0,86.93273574479956
9500000.0,85.15472294883703
9600000.0,83.59839881264399
9700000.0,82.03097259234862
9800000.0,80.7111287265607
9900000.0,79.43895807786852
10000000.0,78.17436454904157
10100000.0,76.9954330939036
10200000.0,75.79617647892744
10300000.0,74.56590430364271
10400000.0,73.34057433500239
10500000.0,72.06806066701273
10600000.0,70.80361508207103
10700000.0,69.53235109106453
10800000.0,68.34311867612463
10900000.0,67.16674634415803
11000000.0,65.94581362877238
11100000.0,64.7346579279904
11200000.0,63.51423310708709
11300000.0,62.45187067717333
11400000.0,61.33917220980907
11500000.0,60.22784095287781
11600000.0,59.22511260620565
11700000.0,58.27584727745623
11800000.0,57.388634850048525
11900000.0,56.467514265653165
12000000.0,55.551318725256785
12100000.0,54.664087487676795
12200000.0,53.83200731086491
12300000.0,53.112629135237384
12400000.0,52.64561951000725
12500000.0,52.17363384621373
12600000.0,51.705210039184735
12700000.0,51.2294012776589
12800000.0,50.7374139042846
12900000.0,50.25690658969106
13000000.0,49.76373730777766
13100000.0,49.27843565859706
13200000.0,48.797321667670786
13300000.0,48.29510417698584
13400000.0,47.798342238765045
13500000.0,47.30540340951431
13600000.0,46.79540850569778
13700000.0,46.30061256023663
13800000.0,45.78575187277599
13900000.0,45.26896764217052
14000000.0,44.78338925418133
14100000.0,44.30063575644345
14200000.0,43.82698801789056
14300000.0,43.3511357280659
14400000.0,42.87808553154538
14500000.0,42.39992520298595
14600000.0,41.92629061772075
14700000.0,41.44510003177928
14800000.0,40.9677334646706
14900000.0,40.503140029559454
15000000.0,40.03008270843935
15100000.0,39.538863067460454
15200000.0,39.035734917903106
15300000.0,38.54036569129536
15400000.0,38.03576492951778
15500000.0,37.528445803161276
15600000.0,37.09054753002263
15700000.0,36.695056788790765
15800000.0,36.29877725459149
15900000.0,35.8934564360254
16000000.0,35.46370365983337
16100000.0,35.06465238406595
16200000.0,34.735892755693804
16300000.0,34.41507220574022
16400000.0,34.097930603225244
16500000.0,33.77929853590367
16600000.0,33.455037436571295
16700000.0,33.22235949805234
16800000.0,33.00550200052802
16900000.0,32.78455837932507
17000000.0,32.56833570575272
17100000.0,32.346534697051304
17200000.0,32.12333194701542
17300000.0,31.905909460574634
17400000.0,31.684991393642804
17500000.0,31.46301936846154
17600000.0,31.237955613964232
17700000.0,31.016961403394056
17800000.0,30.78770640167972
17900000.0,30.57414738807246
18000000.0,30.419524189928904
18100000.0,30.383703358949813
18200000.0,30.36793218567496
18300000.0,30.338459599629992
18400000.0,30.378134970663165
18500000.0,30.37097444051975
18600000.0,30.360035633405946
18700000.0,30.279413168933843
18800000.0,30.151154663625036
18900000.0,29.939466670983823
19000000.0,29.69606728639392
19100000.0,29.42845723741086
19200000.0,29.194693057484802
19300000.0,28.96120247063617
19400000.0,28.733056715166786
19500000.0,28.511301749054972
19600000.0,28.276171437494575
19700000.0,28.04374556163457
19800000.0,27.792072813573547
19900000.0,27.543184632947163
20000000.0,27.309918443343165
20100000.0,27.09421763534386
20200000.0,26.857653330251694
20300000.0,26.637240301402
20400000.0,26.406135054579376
20500000.0,26.175934377968293
20600000.0,25.93307174971139
20700000.0,25.705563931857817
20800000.0,25.476411574133504
20900000.0,25.247183809750855
21000000.0,25.003379796659313
21100000.0,24.759255352833133
21200000.0,24.609135204827787
21300000.0,24.530217195627046
21400000.0,24.388725944239145
21500000.0,24.26485976793176
21600000.0,24.14715767101927
21700000.0,24.036210397432605
21800000.0,23.929933288268895
21900000.0,23.82585029211086
22000000.0,23.710254740491628
22100000.0,23.593448102039538
22200000.0,23.46338330525431
22300000.0,23.34172799316012
22400000.0,23.230114527447817
22500000.0,23.109950870010007
22600000.0,22.980384050756314
22700000.0,22.845111363234363
22800000.0,22.72838463472005
22900000.0,22.620971024930988
23000000.0,22.515979334701985
23100000.0,22.364859645731894
23200000.0,22.19453290785918
23300000.0,22.027020547522014
23400000.0,21.848905122977307
23500000.0,21.6662472786792
23600000.0,21.490504510243262
23700000.0,21.289924338489122
23800000.0,21.140950375083367
23900000.0,21.023516636605226
24000000.0,20.913730576056636
24100000.0,20.816934799294014
24200000.0,20.717529397946972
24300000.0,20.611843493039622
24400000.0,20.5026056719354
24500000.0,20.406143803333528
24600000.0,20.302983630721872
24700000.0,20.221872690183922
24800000.0,20.11362552593767
24900000.0,20.00255251252894
25000000.0,19.915010957932942
25100000.0,19.80966216093988
25200000.0,19.69591309770001
25300000.0,19.592788625498535
25400000.0,19.48302059477166
25500000.0,19.36992408434868
25600000.0,19.268232003502458
25700000.0,19.159845684704003
25800000.0,19.05510755527073
25900000.0,18.952541465175745
26000000.0,18.83649789334846
26100000.0,18.725935551141895
26200000.0,18.614032936871727
26300000.0,18.501667955441476
26400000.0,18.381759221158724
26500000.0,18.24663922212193
26600000.0,18.118239768489765
26700000.0,18.02407392541596
26800000.0,17.934104745344584
26900000.0,17.862794659961626
27000000.0,17.798794554621722
27100000.0,17.719900429486636
27200000.0,17.644366688084936
27300000.0,17.56380873712437
27400000.0,17.48046320618959
27500000.0,17.40219893745495
27600000.0,17.328247936620695
27700000.0,17.243261232350857
27800000.0,17.166946568957744
27900000.0,17.0859735188705
28000000.0,17.005269301964464
28100000.0,16.924341297594466
28200000.0,16.8423230716289
28300000.0,16.761098877845576
28400000.0,16.681148643026805
28500000.0,16.604637875961256
28600000.0,16.519636823198947
28700000.0,16.437503766436155
28800000.0,16.363799693225566
28900000.0,16.28783174274661
29000000.0,16.210026543290557
29100000.0,16.123952100400054
29200000.0,16.034439402807497
29300000.0,15.957000454035384
29400000.0,15.865749598866522
29500000.0,15.778104237565502
29600000.0,15.692870469745042
29700000.0,15.602604622032512
29800000.0,15.507606577767659
29900000.0,15.418982391316977
30000000.0,15.334469318137172
30100000.0,15.246943558471955
30200000.0,15.164418497662014
30300000.0,15.084954987401762
30400000.0,15.003075374962808
30500000.0,14.926505839904967
30600000.0,14.851076963886678
30700000.0,14.765472529805539
30800000.0,14.684676165573112
30900000.0,14.586624101249233
31000000.0,14.49625198554476
31100000.0,14.405958670676773
31200000.0,14.319642798620567
31300000.0,14.244386696850375
31400000.0,14.179308848390654
31500000.0,14.097915677584215
31600000.0,14.035811860514176
31700000.0,13.961389156322708
31800000.0,13.883042489938907
31900000.0,13.823036093991723
32000000.0,13.750035830433708
32100000.0,13.684670788893737
32200000.0,13.609746351276428
32300000.0,13.538229367066117
32400000.0,13.468408812586748
32500000.0,13.398732853459693
32600000.0,13.32188433631566
32700000.0,13.251000068517152
32800000.0,13.180453042980755
32900000.0,13.107124559325573
33000000.0,13.033405909217173
33100000.0,12.95399528186528
33200000.0,12.87277471138096
33300000.0,12.792234340792984
33400000.0,12.741051665037121
33500000.0,12.681509041987315
33600000.0,12.631293810474235
33700000.0,12.591893346413027
33800000.0,12.531715834653385
33900000.0,12.488265503652794
34000000.0,12.431602398397397
34100000.0,12.379938327487869
34200000.0,12.33550980566011
34300000.0,12.277126298018203
34400000.0,12.23215017422873
34500000.0,12.174844960486517
34600000.0,12.121810630700075
34700000.0,12.079397314676216
34800000.0,12.027825940255685
34900000.0,11.97937161540468
35000000.0,11.924512319518863
35100000.0,11.869726014403254
35200000.0,11.821906880508285
35300000.0,11.776242143021216
35400000.0,11.712225680480111
35500000.0,11.660361865390254
35600000.0,11.607971998919366
35700000.0,11.554593580524473
35800000.0,11.510019097010163
35900000.0,11.439804094603533
36000000.0,11.375482001258758
36100000.0,11.31977953701842
36200000.0,11.272621511132607
36300000.0,11.225843637842102
36400000.0,11.177668035537785
36500000.0,11.128196110706197
36600000.0,11.0910605143764
36700000.0,11.041675843497522
36800000.0,10.984927590431504
36900000.0,10.93487234616523
37000000.0,10.885086009083889
37100000.0,10.841521686726104
37200000.0,10.780699012512041
37300000.0,10.728374610552299
37400000.0,10.67728652438648
37500000.0,10.623109771399553
37600000.0,10.565294891421685
37700000.0,10.511010382453248
37800000.0,10.438608966213366
37900000.0,10.382006735865785
38000000.0,10.337582981425793
38100000.0,10.283944057865515
38200000.0,10.228497906067325
38300000.0,10.177410406607587
38400000.0,10.130572471764058
38500000.0,10.073617100865123
38600000.0,10.028781142481252
38700000.0,9.983819112346461
38800000.0,9.933726446976197
38900000.0,9.894205433261156
39000000.0,9.85137996852514
39100000.0,9.803872842305639
39200000.0,9.75885148913656
39300000.0,9.716099850350643
39400000.0,9.673044876224424
39500000.0,9.628340479499377
39600000.0,9.575543862287894
39700000.0,9.52090866962302
39800000.0,9.46883458247744
39900000.0,9.414676362519584
40000000.0,9.36224523708336
40100000.0,9.31824901634415
40200000.0,9.272646910747822
40300000.0,9.229763113759658
40400000.0,9.181686586753306
40500000.0,9.139701047948359
40600000.0,9.09343179330418
40700000.0,9.04816578575061
40800000.0,9.00854341348297
40900000.0,8.969698962398255
41000000.0,8.919847577182132
41100000.0,8.873146963772411
41200000.0,8.835900942207495
41300000.0,8.781965175763734
41400000.0,8.737154169696574
41500000.0,8.690408087050498
41600000.0,8.653626193105522
41700000.0,8.602467214840425
41800000.0,8.56130401932233
41900000.0,8.517418467773036
42000000.0,8.46482945130635
42100000.0,8.421541542903357
42200000.0,8.36626984152838
42300000.0,8.309905165850251
42400000.0,8.272692061106145
42500000.0,8.26416513322859
42600000.0,8.265458206817147
42700000.0,8.2524314480229
42800000.0,8.218725303496361
42900000.0,8.21755756979114
43000000.0,8.203754599797563
43100000.0,8.176040504308482
43200000.0,8.172162611562442
43300000.0,8.166815745260092
43400000.0,8.12592515626004
43500000.0,8.135005091172621
43600000.0,8.130165307787776
43700000.0,8.09984589165976
43800000.0,8.087133866413833
43900000.0,8.083484507194564
44000000.0,8.068776178903734
44100000.0,8.041579542862591
44200000.0,8.044045301542742
44300000.0,8.039643734989864
44400000.0,7.9999725925588265
44500000.0,8.000343373579412
44600000.0,7.985536457673662
44700000.0,7.957813317942095
44800000.0,7.956278493146749
44900000.0,7.947580206735603
45000000.0,7.913191022731641
45100000.0,7.909023073362508
45200000.0,7.90422712212922
45300000.0,7.873911450380735
45400000.0,7.875028821445996
45500000.0,7.869254344367453
45600000.0,7.842727852980871
45700000.0,7.819473912966575
45800000.0,7.814322028665228
45900000.0,7.80555069481843
46000000.0,7.774919699395864
46100000.0,7.76939598766098
46200000.0,7.764732218858636
46300000.0,7.720087525589658
46400000.0,7.725462848173069
46500000.0,7.709957515448467
46600000.0,7.680770381085665
46700000.0,7.676132291503633
46800000.0,7.6632185034685625
46900000.0,7.637130730017596
47000000.0,7.61509703962746
47100000.0,7.614017645520273
47200000.0,7.590561432815871
47300000.0,7.568342457962214
47400000.0,7.561591636446907
47500000.0,7.543010675352987
47600000.0,7.4969617543197336
47700000.0,7.4919579037209205
47800000.0,7.476302511141134
47900000.0,7.433000782745523
48000000.0,7.433489393283153
48100000.0,7.428237448256245
48200000.0,7.388565517700165
48300000.0,7.3914455213483
48400000.0,7.386660176405547
48500000.0,7.349392684158136
48600000.0,7.336846008736152
48700000.0,7.321085956579954
48800000.0,7.3081355050181465
48900000.0,7.276355188896618
49000000.0,7.27202422827074
49100000.0,7.251269764028434
49200000.0,7.231982742016859
49300000.0,7.235015162279059
49400000.0,7.221453999265527
49500000.0,7.190808764367313
49600000.0,7.20168022522255
49700000.0,7.184122153597574
49800000.0,7.16127131925948
49900000.0,7.164082238780459
50000000.0,7.157891788597598
50100000.0,7.131145089780612
50200000.0,7.122753984317334
50300000.0,7.129071837538029
50400000.0,7.0988373787661745
50500000.0,7.085213888800931
50600000.0,7.080393221769033
50700000.0,7.077355020100656
50800000.0,7.048120086482045
50900000.0,7.052547601176502
51000000.0,7.03693039472629
51100000.0,7.012622314544604
51200000.0,7.009217185109303
51300000.0,6.987948271908003
51400000.0,6.965289898738338
51500000.0,6.962589359174151
51600000.0,6.950393707531493
51700000.0,6.926452416527066
51800000.0,6.923044920788802
51900000.0,6.911762096903681
52000000.0,6.890295895548238
52100000.0,6.879904349349477
52200000.0,6.878203154435531
52300000.0,6.858021904915938
52400000.0,6.837471457738923
52500000.0,6.84743451163695
52600000.0,6.835681295855608
52700000.0,6.802199128391521
52800000.0,6.802380802575241
52900000.0,6.793474869269593
53000000.0,6.76564770867593
53100000.0,6.759297039717791
53200000.0,6.748722231974981
53300000.0,6.730935531296537
53400000.0,6.723165499531033
53500000.0,6.710543706301873
53600000.0,6.699345369995075
53700000.0,6.683608904304866
53800000.0,6.676461494467432
53900000.0,6.658594895061904
54000000.0,6.645742761237269
54100000.0,6.633363736094877
54200000.0,6.622899133083315
54300000.0,6.5993748864235
54400000.0,6.596830597384026
54500000.0,6.588427520238054
54600000.0,6.555138232952597
54700000.0,6.566811057635592
54800000.0,6.544986088427035
54900000.0,6.51818564371192
55000000.0,6.5193495809275985
55100000.0,6.508392126620569
55200000.0,6.485050664357183
55300000.0,6.475486096440554
55400000.0,6.465622414968755
55500000.0,6.457564254316153
55600000.0,6.4383619838109825
55700000.0,6.427289090354576
55800000.0,6.420615796531219
55900000.0,6.390589956257358
56000000.0,6.385922992993907
56100000.0,6.383902387415682
56200000.0,6.353930405432991
56300000.0,6.3462184306252105
56400000.0,6.340481521184647
56500000.0,6.309028712496446
56600000.0,6.309497131738045
56700000.0,6.288502482465635
56800000.0,6.266714117506026
56900000.0,6.257435164580985
57000000.0,6.250298338059154
57100000.0,6.227660556601972
57200000.0,6.207922641727016
57300000.0,6.20354412569377
57400000.0,6.183061700044885
57500000.0,6.151663386356712
57600000.0,6.145641094517162
57700000.0,6.138184919263398
57800000.0,6.105100285573021
57900000.0,6.090611168107506
58000000.0,6.085121586441683
58100000.0,6.054569222425421
58200000.0,6.034337583103748
58300000.0,6.015898776033465
58400000.0,6.000285126630807
58500000.0,5.985857288198901
58600000.0,5.978328277566429
58700000.0,5.9598258056505085
58800000.0,5.957450048705763
58900000.0,5.949402221715557
59000000.0,5.933589809567419
59100000.0,5.92101242705939
59200000.0,5.9165968344587885
59300000.0,5.906838066728398
59400000.0,5.890332147350745
59500000.0,5.883538162963587
59600000.0,5.885776358999741
59700000.0,5.857045031424185
59800000.0,5.842357982173281
59900000.0,5.850894378432532
60000000.0,5.831998039876278
60100000.0,5.821363616346834
60200000.0,5.811970179896074
60300000.0,5.810609154831987
60400000.0,5.790036758408339
60500000.0,5.784175076338868
60600000.0,5.7798783995092595
60700000.0,5.758588419168738
60800000.0,5.749240341984398
60900000.0,5.746257545853883
61000000.0,5.7315102835699205
61100000.0,5.7201630793330045
61200000.0,5.721976807684441
61300000.0,5.698056777587679
61400000.0,5.689310934722803
61500000.0,5.6869279575185505
61600000.0,5.668788986430839
61700000.0,5.652981923434703
61800000.0,5.6529119652739235
61900000.0,5.635951846310558
62000000.0,5.616557017333298
62100000.0,5.6193157487676535
62200000.0,5.609102673670019
62300000.0,5.58749561537568
62400000.0,5.5774953187633125
62500000.0,5.585133314342394
62600000.0,5.5587829193645515
62700000.0,5.555638743783429
62800000.0,5.5519103054128776
62900000.0,5.535008743543089
63000000.0,5.5207070312485715
63100000.0,5.523379230598386
63200000.0,5.505731145388734
63300000.0,5.492899572669985
63400000.0,5.487896993031897
63500000.0,5.474796639033889
63600000.0,5.4606947101225884
63700000.0,5.45506809438838
63800000.0,5.4465750832357145
63900000.0,5.421107523767898
64000000.0,5.424574565535856
64100000.0,5.413386228200376
64200000.0,5.392377682141719
64300000.0,5.38973254519762
64400000.0,5.39892905096686
64500000.0,5.362848732339863
64600000.0,5.348086680055334
64700000.0,5.35528284855167
64800000.0,5.321025173504619
64900000.0,5.304246978215304
65000000.0,5.297662264406708
65100000.0,5.29194239766147
65200000.0,5.273694798274677
65300000.0,5.26263791830632
65400000.0,5.260359358886689
65500000.0,5.236267649031935
65600000.0,5.224232879433335
65700000.0,5.220164217332349
65800000.0,5.1969557201782255
65900000.0,5.188423697419298
66000000.0,5.181266119679611
66100000.0,5.160652440505971
66200000.0,5.152097483631938
66300000.0,5.153251211750025
66400000.0,5.127397395215795
66500000.0,5.120708494670976
66600000.0,5.1194870999886435
66700000.0,5.091511370225124
66800000.0,5.07464813407609
66900000.0,5.079843674564931
67000000.0,5.060266812645786
67100000.0,5.039287876113808
67200000.0,5.038052861860228
67300000.0,5.030236113367094
67400000.0,5.006848128666858
67500000.0,4.99797211373857
67600000.0,4.99565603196827
67700000.0,4.96940927530763
67800000.0,4.958634676891465
67900000.0,4.952319674034181
68000000.0,4.93962624607229
68100000.0,4.921561656568074
68200000.0,4.92277856956351
68300000.0,4.894591092111856
68400000.0,4.881611093692972
68500000.0,4.871086977285112
68600000.0,4.856106348040311
68700000.0,4.831829813973658
68800000.0,4.831937646912226
68900000.0,4.813345185219082
69000000.0,4.778775945931246
69100000.0,4.7788560059289305
69200000.0,4.760143921655698
69300000.0,4.724588310173799
69400000.0,4.706092236982487
69500000.0,4.687629329086837
69600000.0,4.6521089737055155
69700000.0,4.642136071096278
69800000.0,4.6324997600730375
69900000.0,4.608538872043158
70000000.0,4.583823861535897
70100000.0,4.590137330639799
70200000.0,4.575258313288255
70300000.0,4.558521310560949
70400000.0,4.555432302797737
70500000.0,4.546189186877277
70600000.0,4.530858593517894
70700000.0,4.526815789570223
70800000.0,4.522682042228817
70900000.0,4.502037643100659
71000000.0,4.501083601755787
71100000.0,4.492931106920154
71200000.0,4.474738967911902
71300000.0,4.469687275554778
71400000.0,4.474805544473429
71500000.0,4.448117967324537
71600000.0,4.4387601658812
71700000.0,4.446240095605563
71800000.0,4.42243481344807
71900000.0,4.4073876490210955
72000000.0,4.414368404427198
72100000.0,4.401787846769965
72200000.0,4.383793098930724
72300000.0,4.378793385732645
72400000.0,4.375118132072725
72500000.0,4.35897854230639
72600000.0,4.3441506321756425
72700000.0,4.344916411666603
72800000.0,4.3326836412150485
72900000.0,4.3190077569418595
73000000.0,4.321884783171414
73100000.0,4.301335688170834
73200000.0,4.2896308609066045
73300000.0,4.287822253145521
73400000.0,4.2747186839345925
73500000.0,4.261236819279595
73600000.0,4.262029159417728
73700000.0,4.249831738293511
73800000.0,4.236256016468015
73900000.0,4.232974420602684
74000000.0,4.227291653956212
74100000.0,4.21062101672041
74200000.0,4.202064903592844
74300000.0,4.196175678079502
74400000.0,4.181373784780379
74500000.0,4.171237894824984
74600000.0,4.16723935067818
74700000.0,4.157351775051062
74800000.0,4.1420997568628
74900000.0,4.13780664625834
75000000.0,4.129460158161717
75100000.0,4.113369916202237
75200000.0,4.1128552801736875
75300000.0,4.099908034039993
75400000.0,4.086343815010571
75500000.0,4.084698379657404
75600000.0,4.074101662072782
75700000.0,4.058669358619595
75800000.0,4.05358817789018
75900000.0,4.0401047042095914
76000000.0,4.034199286118975
76100000.0,4.02711480500915
76200000.0,4.015109660819701
76300000.0,4.010921163404832
76400000.0,3.998538536016907
76500000.0,3.9910695956624607
76600000.0,3.9845197524037848
76700000.0,3.973177769084247
76800000.0,3.9662932246473384
76900000.0,3.9568916282594047
77000000.0,3.941990919819874
77100000.0,3.939893421971186
77200000.0,3.931670213332441
77300000.0,3.914849441381647
77400000.0,3.907539931857666
77500000.0,3.895923094686962
77600000.0,3.88796573269402
77700000.0,3.8790341351532183
77800000.0,3.870311981717197
77900000.0,3.861825556558675
78000000.0,3.851471488001134
78100000.0,3.841057299964239
78200000.0,3.8348589425660315
78300000.0,3.8245789833453347
78400000.0,3.8238623381911205
78500000.0,3.8009649902467624
78600000.0,3.7952542960553504
78700000.0,3.7893111093801033
78800000.0,3.7714046113389013
78900000.0,3.756305631412379
79000000.0,3.7412748381709733
79100000.0,3.728739354235973
79200000.0,3.718004443293845
79300000.0,3.701996901578669
79400000.0,3.6974634766806416
79500000.0,3.685655846013283
79600000.0,3.6660983096410247
79700000.0,3.6534584953094584
79800000.0,3.6453270971840137
79900000.0,3.630655925615077
80000000.0,3.6176445647012305
80100000.0,3.609688813365073
80200000.0,3.5942658103213874
80300000.0,3.588162233123265
80400000.0,3.5753621319471134
80500000.0,3.5630443200145265
80600000.0,3.5496453004589315
80700000.0,3.5414216091069197
80800000.0,3.5336681072131357
80900000.0,3.5178890068732365
81000000.0,3.50591049727623
81100000.0,3.4987904658793156
81200000.0,3.4800894373387004
81300000.0,3.472262634232412
81400000.0,3.4659304709823164
81500000.0,3.4507905423319607
81600000.0,3.449724394871365
81700000.0,3.4435730594345406
81800000.0,3.4278813287688457
81900000.0,3.422015095185101
82000000.0,3.4170132069292287
82100000.0,3.4041710315304994
82200000.0,3.396346977676488
82300000.0,3.3893268598965065
82400000.0,3.379606550097818
82500000.0,3.3650475272734885
82600000.0,3.358069933524606
82700000.0,3.3547080114306524
82800000.0,3.3375458892988332
82900000.0,3.3265923630694543
83000000.0,3.3250378770637186
83100000.0,3.311222087916059
83200000.0,3.3000778853890953
83300000.0,3.3017650941069663
83400000.0,3.2822226919321134
83500000.0,3.2731731925447183
83600000.0,3.2642325562661743
83700000.0,3.2562178345814172
83800000.0,3.2501765878550883
83900000.0,3.242543733262942
84000000.0,3.233754666866722
84100000.0,3.2231215177695374
84200000.0,3.2143608003750015
84300000.0,3.2093883530706226
84400000.0,3.1971605967966474
84500000.0,3.187031315695134
84600000.0,3.1836910565065075
84700000.0,3.1686257478098465
84800000.0,3.1614080837816347
84900000.0,3.1568866943081253
85000000.0,3.13606022690682
85100000.0,3.1320508308540913
85200000.0,3.128104868340263
85300000.0,3.1095123200913855
85400000.0,3.1088992138765787
85500000.0,3.105211477284485
85600000.0,3.0882728967991184
85700000.0,3.079738373403551
85800000.0,3.068756050194143
85900000.0,3.058334871352621
86000000.0,3.0475920677377553
86100000.0,3.038938982245026
86200000.0,3.030585469841287
86300000.0,3.016228424450024
86400000.0,3.014681282546654
86500000.0,3.0046245704224925
86600000.0,2.9875802641563465
86700000.0,2.9812072066514625
86800000.0,2.980081365685618
86900000.0,2.9622486913540738
87000000.0,2.9549751349014133
87100000.0,2.952800892765263
87200000.0,2.9372230492247997
87300000.0,2.9315934670767057
87400000.0,2.927167676477488
87500000.0,2.9064488063575946
87600000.0,2.8996240151037416
87700000.0,2.8963089243745332
87800000.0,2.8789141270182133
87900000.0,2.8720758815127394
88000000.0,2.8587559592154395
88100000.0,2.8499126000247474
88200000.0,2.843034281045466
88300000.0,2.8393639558825408
88400000.0,2.829525381108261
88500000.0,2.813563288665086
88600000.0,2.8061725840542424
88700000.0,2.796440562011914
88800000.0,2.782873435657402
88900000.0,2.773199200340839
89000000.0,2.7642833825133253
89100000.0,2.7448059555895497
89200000.0,2.7408284663555205
89300000.0,2.7298446377213876
89400000.0,2.71979783364467
89500000.0,2.708009196590858
89600000.0,2.6975552332999944
89700000.0,2.686834918208523
89800000.0,2.679938690529171
89900000.0,2.6710181832385476
90000000.0,2.6558177767593736
90100000.0,2.652080192185379
90200000.0,2.6478663059165735
90300000.0,2.6482058402818
90400000.0,2.641005546274861
90500000.0,2.642037419681083
90600000.0,2.634585441187522
90700000.0,2.621053412239753
90800000.0,2.612491703710948
90900000.0,2.6111102512387974
91000000.0,2.607803980691485
91100000.0,2.605028245466413
91200000.0,2.594499170064038
91300000.0,2.585993989262977
91400000.0,2.5816608206836174
91500000.0,2.5803676406996456
91600000.0,2.5789584794141245
91700000.0,2.5728515997080814
91800000.0,2.5762511945999975
91900000.0,2.56996145173924
92000000.0,2.5659619308733794
92100000.0,2.5604691032213127
92200000.0,2.5599664857086997
92300000.0,2.558591618207646
92400000.0,2.5606448663068098
92500000.0,2.5572743706682113
92600000.0,2.5522981504568487
92700000.0,2.547625643060178
92800000.0,2.5470529110539717
92900000.0,2.546686819468217
93000000.0,2.5425239695456074
93100000.0,2.546235905922968
93200000.0,2.5433373437697324
93300000.0,2.5354759457237326
93400000.0,2.5326245429064826
93500000.0,2.529877405199039
93600000.0,2.530064933975765
93700000.0,2.5278361818454695
93800000.0,2.5265987389387004
93900000.0,2.521376134849528
94000000.0,2.5163356179623446
94100000.0,2.516454655831258
94200000.0,2.515881586798603
94300000.0,2.51162411889077
94400000.0,2.51505107249802
94500000.0,2.5113024751703126
94600000.0,2.504397161401197
94700000.0,2.5046749049025516
94800000.0,2.499233502790971
94900000.0,2.500348756793624
95000000.0,2.498361647375615
95100000.0,2.50117535801529
95200000.0,2.4940368672108097
95300000.0,2.4893544561897065
95400000.0,2.4879309764230313
95500000.0,2.4862440405234727
95600000.0,2.480180288931498
95700000.0,2.484419099933883
95800000.0,2.481218332183634
95900000.0,2.476521392195864
96000000.0,2.474848561363103
96100000.0,2.469318514886464
96200000.0,2.4697541306730435
96300000.0,2.4678084730611785
96400000.0,2.4708325655390757
96500000.0,2.4638111024226697
96600000.0,2.4633238245052778
96700000.0,2.4589977302287807
96800000.0,2.457144849580064
96900000.0,2.452090888745958
97000000.0,2.455338681084179
97100000.0,2.452380049009905
97200000.0,2.4481156999251983
97300000.0,2.4459896900059053
97400000.0,2.4419738353591733
97500000.0,2.4412153646055894
97600000.0,2.439887610568397
97700000.0,2.4425080930925094
97800000.0,2.4341976379169394
97900000.0,2.431287857513076
98000000.0,2.430343325704642
98100000.0,2.426423360415331
98200000.0,2.4218046194347354
98300000.0,2.4245840882187397
98400000.0,2.4274526093932685
98500000.0,2.417615718776888
98600000.0,2.4164927026018908
98700000.0,2.415037552382963
98800000.0,2.4101976754528747
98900000.0,2.408074058879447
99000000.0,2.4114238405858566
99100000.0,2.4042683838528878
99200000.0,2.403069832915362
99300000.0,2.4026668354567944
99400000.0,2.3979513257886715
99500000.0,2.393432559231706
99600000.0,2.394437890530549
99700000.0,2.3970524574763368
99800000.0,2.389373109882237
99900000.0,2.385185513147241
